<?xml version="1.0" encoding="UTF-8"?>
<!-- 
  ~ Copyright (c) 2021 by European Commission
  ~
  ~ Licensed under the EUPL, Version 1.2 or - as soon they will be
  ~ approved by the European Commission - subsequent versions of the
  ~ EUPL (the "Licence");
  ~ You may not use this work except in compliance with the Licence.
  ~ You may obtain a copy of the Licence at:
  ~ https://joinup.ec.europa.eu/page/eupl-text-11-12
  ~
  ~ Unless required by applicable law or agreed to in writing, software
  ~ distributed under the Licence is distributed on an "AS IS" basis,
  ~ WITHOUT WARRANTIES OR CONDITIONS OF ANY KIND, either express or
  ~ implied.
  ~ See the Licence for the specific language governing permissions and
  ~ limitations under the Licence.
 -->

<!DOCTYPE properties SYSTEM "http://java.sun.com/dtd/properties.dtd">

<properties>
    <comment>SWModule encrypt with JKS.</comment>
    <entry key="check.certificate.validity.period">false</entry>

    <!-- Key store configuration -->
    <entry key="keyStorePath">../keystore/eidasKeyStore_Connector_CA.jks</entry>
    <entry key="keyStorePassword">local-demo</entry>
    <entry key="keyPassword">local-demo</entry>
    <entry key="keyStoreType">JKS</entry>

    <!-- Key transport config -->
    <!--  If not present then no decryption will be applied on response -->
    <entry key="responseDecryptionIssuer">CN=speps-ca-demo-certificate, OU=STORK, O=SPEPS, L=EU, ST=EU, C=CA</entry>
    <entry key="serialNumber">54C8FC88</entry>

    <!-- Key Agreement config -->
    <!--  If not present then no decryption will be applied on response -->

    <!--entry key="responseDecryptionIssuer">CN=speps-ka-ca-demo-certificate,OU=STORK,O=SPEPS,L=EU,ST=EU,C=CA</entry>
    <entry key="serialNumber">4D30C06D041650DEF5EB17005AF07B201D1AA948</entry-->

</properties>