<?xml version="1.0" encoding="UTF-8"?>
<!--
  ~ Copyright (c) 2021 by European Commission
  ~
  ~ Licensed under the EUPL, Version 1.2 or - as soon they will be
  ~ approved by the European Commission - subsequent versions of the
  ~ EUPL (the "Licence");
  ~ You may not use this work except in compliance with the Licence.
  ~ You may obtain a copy of the Licence at:
  ~ https://joinup.ec.europa.eu/page/eupl-text-11-12
  ~
  ~ Unless required by applicable law or agreed to in writing, software
  ~ distributed under the Licence is distributed on an "AS IS" basis,
  ~ WITHOUT WARRANTIES OR CONDITIONS OF ANY KIND, either express or
  ~ implied.
  ~ See the Licence for the specific language governing permissions and
  ~ limitations under the Licence.
  -->

<!DOCTYPE properties SYSTEM "http://java.sun.com/dtd/properties.dtd">
<properties>
    <comment>Justice and Consumers Financial Stability, Financial Services and Capital Markets Union Sector Specific Attributes</comment>

    <entry key="1.NameUri">http://e-justice.europa.eu/attributes/naturalperson/eJusticeNaturalPersonRole</entry>
    <entry key="1.FriendlyName">eJusticeNaturalPersonRole</entry>
    <entry key="1.PersonType">NaturalPerson</entry>
    <entry key="1.Required">false</entry>
    <entry key="1.XmlType.NamespaceUri">http://www.w3.org/2001/XMLSchema</entry>
    <entry key="1.XmlType.LocalPart">string</entry>
    <entry key="1.XmlType.NamespacePrefix">xs</entry>
    <entry key="1.AttributeValueMarshaller">eu.eidas.auth.commons.attribute.impl.LiteralStringAttributeValueMarshaller</entry>

    <entry key="2.NameUri">http://e-justice.europa.eu/attributes/legalperson/eJusticeLegalPersonRole</entry>
    <entry key="2.FriendlyName">eJusticeLegalPersonRole</entry>
    <entry key="2.PersonType">LegalPerson</entry>
    <entry key="2.Required">false</entry>
    <entry key="2.XmlType.NamespaceUri">http://www.w3.org/2001/XMLSchema</entry>
    <entry key="2.XmlType.LocalPart">string</entry>
    <entry key="2.XmlType.NamespacePrefix">xs</entry>
    <entry key="2.AttributeValueMarshaller">eu.eidas.auth.commons.attribute.impl.LiteralStringAttributeValueMarshaller</entry>
</properties>