<?xml version="1.0" encoding="UTF-8"?>
<!--
  ~ Copyright (c) 2023 by European Commission
  ~
  ~ Licensed under the EUPL, Version 1.2 or - as soon they will be
  ~ approved by the European Commission - subsequent versions of the
  ~ EUPL (the "Licence");
  ~ You may not use this work except in compliance with the Licence.
  ~ You may obtain a copy of the Licence at:
  ~ https://joinup.ec.europa.eu/page/eupl-text-11-12
  ~
  ~ Unless required by applicable law or agreed to in writing, software
  ~ distributed under the Licence is distributed on an "AS IS" basis,
  ~ WITHOUT WARRANTIES OR CONDITIONS OF ANY KIND, either express or
  ~ implied.
  ~ See the Licence for the specific language governing permissions and
  ~ limitations under the Licence.
  -->

<!DOCTYPE properties SYSTEM "http://java.sun.com/dtd/properties.dtd">

<properties>
	<comment>Sign example: HSM with a software trust store.</comment>
<!-- Request signature (choose one) -->
	<!-- Brainpool curve -->
	    <!--<entry key="issuer">CN=local-ka-demo-cert, OU=DIGIT, O=European Comission, L=Brussels, ST=Belgium, C=BE</entry>-->
		<!--<entry key="serialNumber">2EAAA5F6A93C6BB0581DC8388501FAD06F77F394</entry>-->
	<!-- Nist curve -->
		<entry key="issuer">CN=nistP256-cert, OU=DIGIT, O=EC, L=Brussels, ST=Belgium, C=BE</entry>
		<entry key="serialNumber">54CACC6D79C6C6998741E57E007BFF0542778E5A</entry>

<!-- Metadata signature (choose one) -->
	<!--RSA-->
	<!-- Self Signed -->
		<entry key="metadata.issuer">CN=metadata, OU=DIGIT, O=EC, L=Brussels, ST=EU, C=BE</entry>
		<entry key="metadata.serialNumber">6A4EE55F16AD32E275DE78C77DADC73C8C817126</entry>
	<!-- Trust Chain -->
		<!--<entry key="metadata.issuer">CN=intermediateCAMetadata, OU=eID team, O=European Commission, C=EU</entry>-->
		<!--<entry key="metadata.serialNumber">383BD991</entry>-->

	<!--EC-->
	<!-- Self Signed -->
		<!--<entry key="metadata.issuer">CN=nistP256-cert, OU=DIGIT, O=EC, L=Brussels, ST=Belgium, C=BE</entry>-->
		<!--<entry key="metadata.serialNumber">54CACC6D79C6C6998741E57E007BFF0542778E5A</entry>-->
	<!-- Trust Chain -->
		<!--<entry key="metadata.issuer">C=EU, O=European Commission, OU=eID team, CN=intermediateCAMetadata</entry>-->
		<!--<entry key="metadata.serialNumber">7278ECE783D310FB6E84561BFF07C01582FD8AFA</entry>-->


<!-- Keystore Definitions -->
	<!-- HSM via SunPKCS11 -->
	<entry key="1.keyStoreType">PKCS11</entry> <!--PKCS11 for SunPKCS11 configured in java.security -->
	<entry key="1.keyStorePassword">00000</entry> <!--HSM PIN-->

	<!-- TRUSTSTORE -->
	<entry key="2.keyStorePath">./keystore/eidasTrustStore.p12</entry>
	<entry key="2.keyStorePassword">local-demo</entry>
	<entry key="2.keyStoreType">PKCS12</entry>
	<entry key="2.keyStorePurpose">TRUSTSTORE</entry>

	<!-- Note:
	Certificate-only .p12 keystores are best made and verified with keytool not openssl.
	The property "keyPassword" is required if the software keystore contains private keys.
	-->

</properties>
