<?xml version="1.0" encoding="UTF-8"?>
<!--
  ~ Copyright (c) 2023 by European Commission
  ~
  ~ Licensed under the EUPL, Version 1.2 or - as soon they will be
  ~ approved by the European Commission - subsequent versions of the
  ~ EUPL (the "Licence");
  ~ You may not use this work except in compliance with the Licence.
  ~ You may obtain a copy of the Licence at:
  ~ https://joinup.ec.europa.eu/page/eupl-text-11-12
  ~
  ~ Unless required by applicable law or agreed to in writing, software
  ~ distributed under the Licence is distributed on an "AS IS" basis,
  ~ WITHOUT WARRANTIES OR CONDITIONS OF ANY KIND, either express or
  ~ implied.
  ~ See the Licence for the specific language governing permissions and
  ~ limitations under the Licence.
  -->

<!DOCTYPE properties SYSTEM "http://java.sun.com/dtd/properties.dtd">

<properties>
	<comment>SWModule sign with JKS.</comment>
	<!-- Signature with RSA -->
	<entry key="signature.algorithm">http://www.w3.org/2007/05/xmldsig-more#sha512-rsa-MGF1</entry>
	<entry key="metadata.signature.algorithm">http://www.w3.org/2007/05/xmldsig-more#sha512-rsa-MGF1</entry>

	<!-- Request signature -->
	<entry key="keyStorePath">./keystore/eidasKeyStore.p12</entry>
	<entry key="keyStorePassword">local-demo</entry>
	<entry key="keyPassword">local-demo</entry>
	<entry key="issuer">CN=local-demo-cert, OU=DIGIT, O=European Commission, L=Brussels, ST=Belgium, C=BE</entry>
	<entry key="serialNumber">6C4536E0B25A05E8214A46C9086521977045417E</entry>
	<entry key="keyStoreType">PKCS12</entry>
	<entry key="keyStorePurpose">TRUSTSTORE</entry>

	<!-- Metadata signature configuration -->
	<entry key="metadata.keyStorePath">./keystore/eidasKeyStore_METADATA.p12</entry>
	<entry key="metadata.keyStorePassword">local-demo</entry>
	<entry key="metadata.keyPassword">local-demo</entry>
	<entry key="metadata.issuer">CN=metadata, OU=DIGIT, O=EC, L=Brussels, ST=EU, C=BE</entry>
	<entry key="metadata.serialNumber">6A4EE55F16AD32E275DE78C77DADC73C8C817126</entry>
	<entry key="metadata.keyStoreType">PKCS12</entry>

	<!--configuration for using the metadata keystore with a trust chain-->
	<!--<entry key="metadata.keyStorePath">./keystore/eidasKeyStore_METADATA_TC.p12</entry>-->
	<!--<entry key="metadata.keyStorePassword">local-demo</entry>-->
	<!--<entry key="metadata.keyPassword">local-demo</entry>-->
	<!--<entry key="metadata.issuer">CN=intermediateCAMetadata, OU=eID team, O=European Commission, C=EU</entry>-->
	<!--<entry key="metadata.serialNumber">383BD991</entry>-->
	<!--<entry key="metadata.keyStoreType">PKCS12</entry>-->

</properties>
