<?xml version="1.0" encoding="UTF-8"?>
<!--
  ~ Copyright (c) 2023 by European Commission
  ~
  ~ Licensed under the EUPL, Version 1.2 or - as soon they will be
  ~ approved by the European Commission - subsequent versions of the
  ~ EUPL (the "Licence");
  ~ You may not use this work except in compliance with the Licence.
  ~ You may obtain a copy of the Licence at:
  ~ https://joinup.ec.europa.eu/page/eupl-text-11-12
  ~
  ~ Unless required by applicable law or agreed to in writing, software
  ~ distributed under the Licence is distributed on an "AS IS" basis,
  ~ WITHOUT WARRANTIES OR CONDITIONS OF ANY KIND, either express or
  ~ implied.
  ~ See the Licence for the specific language governing permissions and
  ~ limitations under the Licence.
  -->

<!DOCTYPE properties SYSTEM "http://java.sun.com/dtd/properties.dtd">

<properties>
	<comment>SWModule sign with JKS.</comment>
	<!-- Request signature -->
	<entry key="keyStorePath">./keystore/eidasKeyStore.p12</entry>
	<entry key="keyStorePassword">local-demo</entry>
	<entry key="keyPassword">local-demo</entry>
	<entry key="keyStoreType">PKCS12</entry>
	<entry key="keyStorePurpose">TRUSTSTORE</entry>

    <!-- Brainpool curve -->
	<!-- <entry key="issuer">CN=local-ka-demo-cert, OU=DIGIT, O=European Comission, L=Brussels, ST=Belgium, C=BE</entry>
	<entry key="serialNumber">2EAAA5F6A93C6BB0581DC8388501FAD06F77F394</entry> -->
    <!-- Nist curve -->
	<entry key="issuer">CN=nistP256-cert, OU=DIGIT, O=EC, L=Brussels, ST=Belgium, C=BE</entry>
    <entry key="serialNumber">54CACC6D79C6C6998741E57E007BFF0542778E5A</entry>
    
    <!-- Configuration for Metadata signatures with EC -->
    <entry key="metadata.keyStorePath">./keystore/eidasKeyStore_METADATA_EC.p12</entry>
	<entry key="metadata.keyStorePassword">local-demo</entry>
	<entry key="metadata.keyPassword">local-demo</entry>
	<entry key="metadata.keyStoreType">PKCS12</entry>
	<entry key="metadata.issuer">CN=nistP256-cert, OU=DIGIT, O=EC, L=Brussels, ST=Belgium, C=BE</entry>
    <entry key="metadata.serialNumber">54CACC6D79C6C6998741E57E007BFF0542778E5A</entry>

	<!-- Configuration for using the metadata keystore with a trust chain -->
	<!--
	<entry key="metadata.keyStorePath">./keystore/eidasKeyStore_METADATA_TC_EC.p12</entry>
	<entry key="metadata.keyStorePassword">local-demo</entry>
	<entry key="metadata.keyPassword">local-demo</entry>
	<entry key="metadata.issuer">C=EU, O=European Commission, OU=eID team, CN=intermediateCAMetadata</entry>
	<entry key="metadata.serialNumber">7278ECE783D310FB6E84561BFF07C01582FD8AFA</entry>
	<entry key="metadata.keyStoreType">PKCS12</entry>
	-->

</properties>
